texto_original,resumo_esperado
"Dispõe sobre a instalação de estabelecimentos industriais destinados à produção de açúcar e etanol no Estado.

O GOVERNADOR DO ESTADO DE MINAS GERAIS,

O Povo do Estado de Minas Gerais, por seus representantes, decretou e eu, em seu nome, promulgo a seguinte lei:

Art. 1º – A instalação de estabelecimentos industriais destinados à produção de açúcar e etanol no Estado atenderá ao disposto nesta lei.

Art. 2º – A instalação de estabelecimento industrial destinado à produção de açúcar e etanol no Estado será feita mediante pedido a ser protocolado no Instituto de Desenvolvimento Integrado de Minas Gerais – InvestMinas –, acompanhado das seguintes informações:

I – localização pretendida do empreendimento, com as coordenadas geográficas da unidade industrial;

II – área de abrangência estimada do empreendimento, representada por meio de polígono com as coordenadas geográficas de seus vértices;

III – área de plantio contida na área de abrangência estimada do empreendimento e representada de forma a permitir a visualização da expansão anual do plantio, do projeto até sua maturação;

IV – produção estimada do primeiro ano do projeto até sua maturação, considerando-se:

a) a área plantada de cana, em hectares;

b) a cana a ser moída, em toneladas;

c) a produção de álcool, em metros cúbicos;

d) a produção de açúcar, em toneladas;

e) a energia excedente a ser disponibilizada em cogeração, em megawatts;

f) VETADO

g) outros produtos relacionados ao plantio de cana, em toneladas;

V – número de empregos diretos e indiretos, permanentes ou temporários, a serem gerados na unidade industrial e no campo, do início do projeto até sua maturação;

VI – cronograma de implantação que detalhe:

a) as fases agrícolas, assim considerada a evolução anual do plantio, desde a fase do viveiro de mudas até a fase da área plantada na manutenção do projeto;

b) a unidade industrial, com indicação da evolução do projeto, com datas, marcos, contratação de equipamentos e desenvolvimento das obras civis;

VII – faturamento anual do empreendimento;

VIII – investimentos anuais nas áreas industrial e agrícola, separadamente, do início do projeto até sua maturação;

IX – VETADO

X – VETADO

XI – VETADO

XII – VETADO

XIII – VETADO

XIV – VETADO

Art. 3º – VETADO

Art. 4º – Demonstrada a viabilidade do empreendimento, a empresa poderá celebrar com o Estado ou com entidades da sua administração indireta protocolo de intenções, com o objetivo de estabelecer as condições e os compromissos recíprocos referentes a sua implantação.

§ 1º – VETADO

§ 2º – VETADO

Art. 5º – VETADO

Art. 6º – Os cronogramas e compromissos assumidos pelo estabelecimento empreendedor em protocolo de intenções assinado com o Estado se estendem aos empreendimentos sucessores e permanecem em caso de alteração estatutária ou contratual da empresa, fusão, incorporação ou cisão.

Art. 7º – VETADO

Art. 8º – VETADO

Art. 9º – Esta lei entra em vigor na data de sua publicação.

Belo Horizonte, aos 11 de junho de 2024; 236º da Inconfidência Mineira e 203º da Independência do Brasil.

ROMEU ZEMA NETO","A lei determina que a instalação de estabelecimentos industriais destinados à produção de açúcar e etanol no Estado será feita mediante pedido a ser protocolado no Instituto de Desenvolvimento Integrado de Minas Gerais – InvestMinas. Esse pedido deverá ser acompanhado de informações sobre a localização pretendida, a área de abrangência estimada, a área de plantio, o cronograma de implantação e o faturamento anual do empreendimento, bem como sobre a produção estimada, o número de empregos gerados e os investimentos realizados do primeiro ano até a fase de maturação do projeto. Além disso, a norma possibilita que, demonstrada a viabilidade do empreendimento, a empresa celebre com o Estado ou com entidades de sua administração indireta protocolo de intenções."
"Estabelece objetivos e diretrizes para as ações do Estado voltadas para a atenção à saúde integral da mulher.

O GOVERNADOR DO ESTADO DE MINAS GERAIS,

O Povo do Estado de Minas Gerais, por seus representantes, decretou e eu, em seu nome, promulgo a seguinte lei:

Art. 1º – As ações do Estado voltadas para a atenção à saúde integral da mulher atenderão ao disposto nesta lei.

Art. 2º – As ações de que trata esta lei têm os seguintes objetivos:

I – promover o acesso à atenção integral à saúde física e mental da mulher em seus diversos ciclos de vida;

II – promover o acesso a exames relacionados à saúde da mulher;

III – reduzir a taxa de mortalidade por doenças de alta prevalência em mulheres;

IV – promover a conscientização da população sobre hábitos saudáveis e sobre a prevenção das doenças de maior prevalência em mulheres.

Art. 3º – Na implementação das ações de que trata esta lei, serão observadas as seguintes diretrizes:

I – garantia da autonomia e da intimidade da mulher;

II – confidencialidade dos dados de saúde da mulher;

III – atendimento integral à saúde da mulher de acordo com as especificidades de cada ciclo de vida;

IV – priorização das ações de promoção da saúde e de prevenção de doenças;

V – acolhimento humanizado e suporte psicossocial à mulher;

VI – consideração das necessidades individuais da mulher em cada ciclo de vida, bem como da sua história familiar e de seus antecedentes pessoais;

VII – interdisciplinaridade na formação das equipes de atenção à saúde da mulher;

VIII – sistematização e divulgação periódica dos dados estatísticos referentes ao perfil do público-alvo das ações do Estado voltadas para a atenção integral à saúde da mulher;

IX – estímulo ao autocuidado e à adoção de hábitos de vida saudáveis;

X – estímulo à participação da mulher nas ações de rastreamento dos cânceres de mama e de colo do útero de acordo com os protocolos clínicos e as diretrizes terapêuticas dos órgãos públicos de saúde;

XI – estímulo ao comparecimento da gestante em consultas de pré-natal;

XII – garantia de acesso da mulher ao parto seguro e humanizado e aos cuidados no pós-parto;

XIII – garantia de acesso às ações voltadas para a efetivação da dignidade menstrual e para a atenção ao climatério e à menopausa;

XIV – garantia de acolhimento humanizado da mulher vítima de violência nos serviços de saúde;

XV – estímulo à capacitação dos profissionais de saúde para a assistência à mulher em seus diversos ciclos de vida.

Art. 4º – Esta lei entra em vigor na data de sua publicação.","A lei estabelece objetivos e diretrizes para as ações do Estado voltadas à atenção integral à saúde da mulher em seus diversos ciclos de vida. São objetivos promover o acesso à atenção integral à saúde física e mental, a exames relacionados à saúde da mulher, reduzir a mortalidade por doenças de alta prevalência e conscientizar sobre hábitos saudáveis e a prevenção dessas doenças. As diretrizes orientam a implementação das ações, garantindo autonomia, intimidade e confidencialidade, atendimento integral e humanizado e consideração das necessidades individuais, além de estimular o autocuidado, a participação em ações de rastreamento, o comparecimento ao pré-natal e assegurar acesso ao parto seguro, à dignidade menstrual, à atenção ao climatério e à menopausa e ao acolhimento da mulher vítima de violência."
"Estima as receitas e fixa as despesas do Orçamento Fiscal do Estado e do Orçamento de Investimento das Empresas Controladas pelo Estado para o exercício financeiro de 2026.



O GOVERNADOR DO ESTADO DE MINAS GERAIS,

O Povo do Estado de Minas Gerais, por seus representantes, decretou e eu, em seu nome, promulgo a seguinte lei:



Art. 1º - Esta lei estima as receitas e fixa as despesas do Estado para o exercício financeiro de 2026, compreendendo, nos termos do art. 157 da Constituição do Estado e do art. 3º da Lei nº 25.440, de 6 de agosto de 2025:

I - o orçamento fiscal referente aos Poderes do Estado, seus fundos, órgãos e entidades da administração direta e indireta;

II - o orçamento de investimento das empresas em que o Estado, direta ou indiretamente, detenha a maioria do capital social com direito a voto.



Art. 2º - O Orçamento Fiscal do Estado para o exercício financeiro de 2026 estima a receita em R$141.751.145.796,00 (cento e quarenta e um bilhões setecentos e cinquenta e um milhões cento e quarenta e cinco mil setecentos e noventa e seis reais) e fixa a despesa em R$146.969.637.358,00 (cento e quarenta e seis bilhões novecentos e sessenta e nove milhões seiscentos e trinta e sete mil trezentos e cinquenta e oito reais).



Art. 3º - As receitas do Orçamento Fiscal serão realizadas mediante arrecadação de tributos e outras receitas correntes e de capital, na forma da legislação em vigor.



Art. 4º - Os demonstrativos consolidados do Orçamento Fiscal e do Orçamento de Investimento das Empresas Controladas pelo Estado estão contidos no Anexo I.



Art. 5º - As despesas dos órgãos e das entidades compreendidos no Orçamento Fiscal serão realizadas segundo a discriminação constante nos itens II-A e II-B do Anexo II.

Parágrafo único - Cada crédito consignado a projeto, atividade e operações especiais constantes no anexo a que se refere o caput integra esta lei na forma de inciso deste artigo, identificado numericamente pela respectiva codificação orçamentária.



Art. 6º - O Orçamento de Investimento das Empresas Controladas pelo Estado estima as fontes de recursos e fixa os investimentos em R$11.258.671.564,00 (onze bilhões duzentos e cinquenta e oito milhões seiscentos e setenta e um mil quinhentos e sessenta e quatro reais).



Art. 7º - Os investimentos das empresas controladas direta ou indiretamente pelo Estado serão realizados segundo a discriminação por projeto, atividade e operações especiais constantes no Anexo III.

Parágrafo único - Os projetos, as atividades e as operações especiais constantes no Anexo III integram esta lei na forma de incisos deste artigo, identificados numericamente pela respectiva codificação orçamentária.



Art. 8º - A Distribuição Regionalizada dos Investimentos está especificada no Anexo IV.



Art. 9º - Fica o Poder Executivo autorizado a abrir créditos suplementares a seu orçamento fiscal até o limite de 30% (trinta por cento) da despesa fixada no art. 2º.

§ 1º - Nas realocações orçamentárias das programações incluídas nesta lei pelas emendas parlamentares a que se refere o § 6º do art. 160 da Constituição do Estado, constarão a identificação da emenda e a do respectivo autor.

§ 2º - Caso a Receita Corrente Líquida realizada no exercício financeiro de 2025 seja superior à prevista nesta lei, fica o Poder Executivo autorizado a suplementar as programações a que se refere o § 6º do art. 160 da Constituição do Estado, com vistas ao cumprimento do que estabelece o referido dispositivo.

§ 3º - Nas suplementações a que se refere o § 2º, constarão a identificação da emenda e a do respectivo autor.



Art. 10 - Fica a Assembleia Legislativa do Estado de Minas Gerais - ALMG - autorizada a abrir créditos suplementares a seu orçamento, até o limite de 10% (dez por cento) da despesa nele fixada, e ao orçamento do Fundo Especial da Assembleia Legislativa do Estado de Minas Gerais - Fundalemg -, até o limite correspondente ao valor do superávit financeiro desse fundo apurado no balanço patrimonial do exercício de 2025, em conformidade com o disposto no inciso V do caput do art. 62 da Constituição do Estado.

§ 1º - Os créditos suplementares de que trata o caput utilizarão como fonte:

I - os recursos resultantes da anulação parcial ou total de dotações orçamentárias do próprio orçamento suplementado;

II - o excesso de arrecadação da receita da ALMG ou do Fundalemg decorrente de recursos diretamente arrecadados ou de convênios, acordos e ajustes;

III - o superávit financeiro apurado no balanço patrimonial do exercício de 2025 da ALMG ou do Fundalemg, conforme o orçamento a ser suplementado;

IV - o excesso de arrecadação da receita de contribuição patronal e do servidor da ALMG para o Fundo Financeiro de Previdência do Estado de Minas Gerais - FFP-MG.

§ 2º - Os créditos suplementares de que trata este artigo serão abertos por deliberação da Mesa da Assembleia Legislativa, que poderá realocar recursos por meio de transposição de dotações no âmbito dos programas de trabalho e de transferência de dotações entre as categorias econômicas de despesa, incluindo as modificações das discriminações de despesa previstas nos incisos II a XI do caput do art. 14 da Lei nº 25.440, de 2025, e incluir fonte de recurso proveniente de convênios, acordos e ajustes.

§ 3º - As modificações da modalidade de aplicação e do identificador de procedência e uso poderão ser realizadas por deliberação da Mesa da Assembleia Legislativa.

§ 4º - A ALMG comunicará a suplementação à Secretaria de Estado de Planejamento e Gestão - Seplag -, no prazo de dois dias úteis contados da data de publicação da deliberação de que trata o § 2º no Diário do Legislativo, para as providências necessárias.

§ 5º - Não se aplicam aos créditos suplementares de que trata este artigo as alterações de fonte previstas no art. 17 da Lei nº 25.440, de 2025.



Art. 11 - Fica o Poder Executivo autorizado a abrir créditos suplementares ao Orçamento de Investimento das Empresas Controladas pelo Estado até o limite de 10% (dez por cento) do valor referido no art. 6º.

Parágrafo único - Não onerarão o limite estabelecido no caput as suplementações realizadas com recursos provenientes das operações das empresas controladas pelo Estado e com outras receitas próprias dessas empresas.



Art. 12 - Fica o Poder Executivo autorizado a deduzir da parcela duodecimal obrigatória dos recursos disponibilizados mensalmente à ALMG, ao Tribunal de Justiça, ao Tribunal de Justiça Militar, ao Ministério Público, ao Tribunal de Contas e à Defensoria Pública os montantes referentes às despesas pagas com precatórios e requisições de pequeno valor decorrentes de passivo de processos judiciais cujo objeto se refira a ação ou omissão desses órgãos ou de seus representantes, promovendo-se a respectiva adequação do crédito orçamentário.

Parágrafo único - Cabe à Advocacia-Geral do Estado a elaboração de relatório mensal contendo a apuração dos pagamentos de precatórios e requisições de pequeno valor, por Poder e por órgão, para embasamento da dedução prevista no caput.



Art. 13 - A ordenação de despesa dos benefícios previdenciários da ALMG, do Tribunal de Justiça, do Tribunal de Justiça Militar, do Ministério Público, do Tribunal de Contas e da Defensoria Pública, quando executada em ações orçamentárias próprias alocadas ao FFP-MG, será realizada por esses órgãos.

Parágrafo único - Para os fins do disposto no art. 20 da Lei Complementar Federal nº 101, de 4 de maio de 2000, o cômputo da despesa a que se refere o caput obedecerá ao limite fixado para cada órgão ordenador da despesa.



Art. 14 - As disposições do Anexo V desta lei, consideradas incisos deste artigo, constituem alterações do orçamento aprovadas pelo Poder Legislativo, as quais serão, salvo em caso de veto, incorporadas pelo Poder Executivo aos Anexos I a IV.



Art. 15 - O Poder Executivo poderá, mediante decreto, transpor, remanejar, transferir ou utilizar, total ou parcialmente, as dotações orçamentárias aprovadas nesta lei e em créditos adicionais, em decorrência de extinção, transformação, transferência, incorporação ou desmembramento de órgãos, entidades e fundos estaduais, de alterações de suas competências, atribuições ou denominações e de alterações associadas à substituição do Sistema Integrado de Administração Financeira do Estado de Minas Gerais - Siafi-MG - por outro sistema estadual de acompanhamento da gestão orçamentária e financeira, mantida a estrutura programática, conforme definida no art. 14 da Lei nº 25.440, de 2025, bem como as diretrizes, os objetivos e as metas estabelecidos no Plano Plurianual de Ação Governamental - PPAG - 2024-2027.

Parágrafo único - A transposição, o remanejamento e a transferência das dotações orçamentárias a que se refere o caput não poderão resultar em alteração dos valores das programações aprovadas nesta lei ou em créditos adicionais, podendo haver adequação da classificação institucional e funcional ao novo órgão ou à entidade.



Art. 16 - A ALMG, por meio da Comissão de Participação Popular - CPP -, encaminhará ao Poder Executivo, até o dia 20 de março de 2026, as indicações referentes às programações incluídas pelas emendas resultantes do processo de discussão participativa da revisão do PPAG 2024-2027 para o exercício de 2026, contendo o número da emenda, o nome do beneficiário, quando for o caso, e o respectivo valor.

§ 1º - Na execução das programações incluídas nesta lei pelas emendas a que se refere o caput, caso seja necessária a realocação orçamentária de recursos, a programação suplementada será identificada com o Identificador de Procedência e Uso - IPU - código 4.

§ 2º - A Secretaria de Estado de Governo - Segov - encaminhará à CPP, bimestralmente, informações sobre o estágio da execução física, orçamentária e financeira dos recursos relativos a cada emenda de que trata o caput, contendo a análise qualitativa da execução dessas emendas e a indicação de impedimentos, caso existentes.



Art. 17 - Cabe aos Poderes Legislativo e Executivo assegurar a compatibilidade entre o planejamento para o exercício de 2026 contido no PPAG 2024-2027 e a Lei Orçamentária Anual para o mesmo exercício, ficando autorizados os ajustes necessários à plena compatibilidade.



Art. 18 - VETADO



Art. 19 - Esta lei vigorará no exercício de 2026, a partir de 1º de janeiro.



Belo Horizonte, aos 14 de janeiro de 2026; 238º da Inconfidência Mineira e 205º da Independência do Brasil.



ROMEU ZEMA NETO","A lei estima as receitas e fixa as despesas para o exercício financeiro de 2025, abrangendo o Orçamento Fiscal e o Orçamento de Investimento das Empresas Controladas pelo Estado. Define a receita total em R$141,7 bilhões e a despesa em R$137,5 bilhões, além de fixar os investimentos das empresas estatais em R$11,2 bilhões. Autoriza ainda o Poder Executivo a abrir créditos suplementares ao orçamento fiscal até o limite de 30% e às empresas controladas até 10%, bem como a realizar ajustes e remanejamentos necessários à execução orçamentária. Por fim, estabelece que os Poderes Legislativo e Executivo assegurem a compatibilidade entre o Plano Plurianual de Ação Governamental – PPAG – 2024-2027 e a Lei Orçamentária Anual – LDO."
"Dispõe sobre a revisão do Plano Plurianual de Ação Governamental - PPAG - 2024-2027 para o exercício de 2026.



O GOVERNADOR DO ESTADO DE MINAS GERAIS,

O Povo do Estado de Minas Gerais, por seus representantes, decretou e eu, em seu nome, promulgo a seguinte lei:



Art. 1º - Esta lei dispõe sobre a revisão do Plano Plurianual de Ação Governamental - PPAG - 2024-2027 para o exercício de 2026, conforme dispõe o art. 8º da Lei nº 24.677, de 16 de janeiro de 2024.



Art. 2º - Os Anexos I a IV integram esta lei nos seguintes termos:

I - o Anexo I contém os programas e as ações do PPAG organizados por área temática;

II - o Anexo II contém os programas e as ações da administração pública organizados por setor de governo;

III - o Anexo III contém o demonstrativo de programas e ações incluídos e excluídos, com a exposição sucinta dos motivos que justificam a alteração;

IV - o Anexo IV contém as alterações introduzidas no âmbito do Poder Legislativo a serem incorporadas pelo Poder Executivo aos Anexos I e II desta lei.

§ 1º - Os Anexos I e II desta lei, depois de efetuada a incorporação a que se refere o inciso IV do caput, atualizam os Anexos I e II da Lei nº 24.677, de 2024, contendo as respectivas inclusões e alterações, qualitativas ou quantitativas, efetuadas em programas, indicadores, ações e demais atributos.

§ 2º - Em atendimento ao disposto no § 1º do art. 8º da Lei nº 24.677, de 2024, os programas e as ações a que se referem os incisos I e II do caput adotam uma perspectiva de planejamento de quatro anos, especialmente no que diz respeito aos valores físicos e orçamentários das ações, como referência permanente para a elaboração da Lei Orçamentária Anual.

§ 3º - Consideram-se dispositivos do inciso IV do caput os itens constantes no Anexo IV desta lei.



Art. 3º - A Assembleia Legislativa, por meio da Comissão de Participação Popular - CPP -, encaminhará ao Poder Executivo, até o dia 20 de março de 2026, as indicações referentes às programações incluídas pelas emendas resultantes do processo de discussão participativa da revisão do PPAG 2024-2027 para o exercício de 2026, contendo o número da emenda, o nome do beneficiário, quando for o caso, e o respectivo valor.

§ 1º - Na execução das programações incluídas nesta lei pelas emendas a que se refere o caput, caso seja necessária a realocação orçamentária de recursos, a programação suplementada será identificada com o Identificador de Procedência e Uso - IPU - código 4.

§ 2º - A Secretaria de Estado de Governo - Segov - encaminhará à CPP, bimestralmente, informações sobre o estágio da execução física, orçamentária e financeira dos recursos relativos a cada emenda de que trata o caput, contendo a análise qualitativa da execução dessas emendas e a indicação de impedimentos, caso existentes.



Art. 4º - A Secretaria de Estado de Planejamento e Gestão - Seplag - publicará, bimestralmente, informações sobre a programação e a execução regionalizada das metas físicas e orçamentárias e sobre o desempenho das ações e dos programas, inclusive dos programas sociais, contidas na revisão do PPAG 2024-2027 para o exercício de 2026.



Art. 5º - Os Poderes Legislativo e Executivo efetuarão os ajustes decorrentes de emendas parlamentares e necessários à compatibilização do planejamento contido na revisão do PPAG 2024-2027 para o exercício de 2026 e na Lei Orçamentária Anual para o mesmo exercício.



Art. 6º - Esta lei entra em vigor na data de sua publicação.



Belo Horizonte, aos 14 de janeiro de 2026; 238º da Inconfidência Mineira e 205º da Independência do Brasil.



ROMEU ZEMA NETO
","A lei dispõe sobre a revisão do Plano Plurianual de Ação Governamental – PPAG – 2024-2027 para o exercício de 2026, atualizando os anexos que reúnem programas e ações do governo por área temática e setor, com inclusão e exclusão de iniciativas e ajustes qualitativos e quantitativos. Estabelece que a Secretaria de Estado de Planejamento e Gestão – Seplag – publique, bimestralmente, informações sobre a execução regionalizada das metas físicas e orçamentárias. Determina também que a Assembleia Legislativa, por meio da Comissão de Participação Popular – CPP –, encaminhe ao Executivo, até 20/3/2026, as indicações relativas às programações resultantes das emendas participativas. Prevê ainda o envio, pela Secretaria de Estado de Governo – Segov –, de relatórios bimestrais à CPP sobre a execução dessas emendas. Autoriza os Poderes Legislativo e Executivo a realizar os ajustes necessários à compatibilização entre a revisão do PPAG e a Lei Orçamentária Anual – LOA – de 2026."
"Altera o art. 6º da Lei nº 24.786, de 6 de junho de 2024, que institui o Sistema Estadual de Atendimento Integrado à Pessoa com Transtorno do Espectro do Autismo no âmbito do Estado.

O GOVERNADOR DO ESTADO DE MINAS GERAIS,

O Povo do Estado de Minas Gerais, por seus representantes, decretou e eu, em seu nome, promulgo a seguinte lei:

Art. 1º – O inciso I do art. 6º da Lei nº 24.786, de 6 de junho de 2024, passa a vigorar com a seguinte redação, e ficam acrescentados ao mesmo artigo os §§ 1º e 2º a seguir:

“Art. 6º – (…)

I – promover a formação continuada e a capacitação dos profissionais de educação da rede estadual de ensino para o acolhimento e a inclusão de estudantes com TEA, observadas as necessidades específicas de formação e capacitação dos profissionais que atuam no suporte pedagógico especializado e nas atividades de alimentação, higiene e locomoção desses estudantes;

(...)

§ 1º – A formação continuada e a capacitação a que se refere o inciso I do caput promoverão o conhecimento sobre métodos e técnicas pedagógicas adaptadas, estratégias de comunicação alternativa e aumentativa e intervenções comportamentais.

§ 2º – A formação continuada e a capacitação a que se refere o inciso I do caput poderão ser desenvolvidas por meio de parcerias entre as áreas de educação e saúde, instituições de ensino superior e organizações da sociedade civil.”.

Art. 2º – Esta lei entra em vigor na data de sua publicação.

Belo Horizonte, aos 15 de janeiro de 2026; 238º da Inconfidência Mineira e 205º da Independência do Brasil.

ROMEU ZEMA NETO","A norma altera a lei que institui o Sistema Estadual de Atendimento Integrado à Pessoa com Transtorno do Espectro do Autismo – TEA –, para prever que o Estado possa promover a formação continuada e a capacitação dos profissionais de educação da rede estadual de ensino voltadas ao acolhimento e à inclusão de estudantes com TEA. Essas ações poderão ser desenvolvidas por meio de parcerias entre as áreas de educação e saúde, instituições de ensino superior e organizações da sociedade civil, e abrangerão conhecimentos sobre métodos e técnicas pedagógicas adaptadas, estratégias de comunicação alternativa e aumentativa e intervenções comportamentais."